Patient_ID	Sequence_Type	Sequence
P001	DNA	ACGTACGTACGT
P002	DNA	ACGTTCGTACGT
P003	DNA	ACGTACTTACGT
P004	DNA	ACGTACGAACGT
P005	DNA	AGGTACGTACGT
P006	DNA	ACCTACGTACGT
P007	DNA	ATGTACGTACGT
P008	DNA	ACGTCCGTACGT
P009	DNA	ACGTAGGTACGT
P010	DNA	ACGTACCTACGT
P011	DNA	ACGTACGTTCGT
P012	DNA	ACGTACGTAGGT
P013	DNA	ACGTACGTACGA
P014	DNA	ACGTACGTACGG
P015	DNA	ACGTACGTCCGT
P016	DNA	ACGTACGTTGGT
P017	DNA	ACGTTCGTACGA
P018	DNA	ACGTACTTACGA
P019	DNA	AGGTTCGTACGT
P020	DNA	ACCTACGAACGT
P021	DNA	ATGTTCGTACGT
P022	DNA	ACGTCCGTACGA
P023	DNA	ACGTAGGTACGA
P024	DNA	ACGTACCTACGA
P025	DNA	ACGTACGTTCGA
P026	DNA	ACGTACGTAGGA
P027	DNA	ACGTACGAACGA
P028	DNA	ACGTACGGACGT
P029	DNA	ACGTACGTCCGA
P030	DNA	ACGTACGTTGGA
P031	DNA	TCGTACGTACGT
P032	DNA	CCGTACGTACGT
P033	DNA	GCGTACGTACGT
P034	DNA	TTGTACGTACGT
P035	DNA	ACATACGTACGT
P036	DNA	ACCTTCGTACGT
P037	DNA	ACGGTCGTACGT
P038	DNA	ACGTTCCTACGT
P039	DNA	ACGTTCGGACGT
P040	DNA	ACGTTCGTCCGT
P041	DNA	ACGTTCGTAGGT
P042	DNA	ACGTTCGTACCT
P043	DNA	ACGTTCGTACGA
P044	DNA	ACGTTCGTACGG
P045	DNA	ACGTACTGACGT
P046	DNA	ACGTACTTACGG
P047	DNA	ACGTACTTCCGT
P048	DNA	ACGTACTTTGGT
P049	DNA	AGGTACGAACGT
P050	DNA	AGGTACGGACGT
P051	DNA	AGGTACGTCCGT
P052	DNA	AGGTACGTTGGT
P053	DNA	ACCTACGAACGT
P054	DNA	ACCTACGGACGT
P055	DNA	ACCTACGTCCGT
P056	DNA	ACCTACGTTGGT
P057	DNA	ATGTACGAACGT
P058	DNA	ATGTACGGACGT
P059	DNA	ATGTACGTCCGT
P060	DNA	ATGTACGTTGGT
P061	DNA	ACGTCCGAACGT
P062	DNA	ACGTCCGGACGT
P063	DNA	ACGTCCGTCCGT
P064	DNA	ACGTCCGTTGGT
P065	DNA	ACGTAGGAACGT
P066	DNA	ACGTAGGGACGT
P067	DNA	ACGTAGGTCCGT
P068	DNA	ACGTAGGTTGGT
P069	DNA	ACGTACCAACGT
P070	DNA	ACGTACCGACGT
P071	DNA	ACGTACCTCCGT
P072	DNA	ACGTACCTTGGT
P073	DNA	ACGTACGTACGC
P074	DNA	ACGTACGTACGG
P075	DNA	ACGTACGTACGA
P076	DNA	ACGTACGTACGT
P077	DNA	ACGTACGTCCGA
P078	DNA	ACGTACGTCGGT
P079	DNA	ACGTACGTGGGT
P080	DNA	ACGTACGTATGT
P081	DNA	ACGTACGACCGT
P082	DNA	ACGTACGAGCGT
P083	DNA	ACGTACGATCGT
P084	DNA	ACGTACGATGGT
P085	DNA	ACGTTCGACCGT
P086	DNA	ACGTTCGAGCGT
P087	DNA	ACGTTCGATCGT
P088	DNA	ACGTTCGATGGT
P089	DNA	ACGTACTACCGT
P090	DNA	ACGTACTAGCGT
P091	DNA	ACGTACTATCGT
P092	DNA	ACGTACTATGGT
P093	DNA	AGGTTCGACCGT
P094	DNA	AGGTTCGAGCGT
P095	DNA	ACCTTCGACCGT
P096	DNA	ACCTTCGAGCGT
P097	DNA	ATGTTCGACCGT
P098	DNA	ATGTTCGAGCGT
P099	DNA	ACGTCCGACCGT
P100	DNA	ACGTCCGAGCGT
